n,Site,Vial me,Cham,Sample,Window,Collection Date,BaitTemp1,BaitTemp2,BaitTemp3,BaitTemp4,R conc. ,Isolation Date,CT_18s,CT_40,CT_70,CT_83,CD,dilution factor,vol cD for dilution,vol of water for dilution192,HF,HF 11-1,11,1,,20130626,26.2,28,27.4,26.8,84,20150806,9.118,29.069,24.990,23.350,2.5,10,5,45195,HF,HF 12-1,12,1,,20130626,26.4,26.2,26.2,27.4,83,20150806,9.956,29.558,25.039,28.633,2.5,10,5,45179,HF,HF 6-1,6,1,,20130626,26,24.2,25.4,25.6,97,20150806,10.012,30.522,25.473,27.652,2.5,10,5,45180,HF,HF 6-2B,6,2,,20130626,24.8,25.6,25.6,25.6,63 (after diluted 1:2),20150806,10.547,29.925,25.953,33.060,2.5,10,5,45181,HF,HF 6-3B,6,3,,20130626,23.6,24.4,24.2,24.8,70 (after diluted 1:2),20150805,10.623,30.268,25.634,34.441,2.5,10,5,4560,DF,DF 5C-4,5,3,D,20130910,29.9,29.4,28.4,29.4,36.7,20150723,10.811,27.331,21.923,23.088,2.5,10,5,4572,DF,DF A11-D,11,1,A,20130910,27.4,27.2,27.2,26.8,24.6,20150728,10.892,28.565,22.646,23.037,2.5,10,5,4561,DF,DF A6-1,6,1,A,20130910,25.4,24.8,25.2,25.8,14.1,20150723,10.932,27.436,22.320,23.123,2.5,10,5,4583,DF,DF 14-C,14,3,B,20130910,31.6,30.6,32,31.2,52,20150723,10.936,26.500,21.124,20.215,2.5,10,5,4552,DF,DF A3-B,3,1,B,20130910,29.4,29.4,30.8,30.8,37.6,20150723,10.961,27.239,21.642,24.431,2.5,10,5,4562,DF,DF A6-C,6,2,C,20130910,24.8,24.8,25.6,26.2,76,20150728,10.969,28.158,22.671,24.358,2.5,10,5,4570,DF,DF 10-2,10,2,B,20130910,25,24,25,25,57,20150727,10.985,28.161,23.147,23.722,2.5,10,5,4559,DF,DF 5B-D,5,2,B,20130910,29.2,29.2,29.6,29.4,27.3,20150728,10.991,27.249,21.153,21.493,2.5,10,5,4566,DF,DF 8-C,8,3,C,20130910,32.4,31,32.2,32.2,26.2,20150727,11.010,26.476,20.621,20.685,2.5,10,5,4573,DF,DF A11-C,11,2,C,20130910,27.8,27.4,27.6,27.8,54,20150728,11.025,28.421,23.219,24.773,2.5,10,5,4555,DF,DF 4A-B,4,1,B,20130910,25.4,25.6,24.8,25.8,29.5,20150728,11.100,26.915,22.721,23.212,2.5,10,5,4567,DF,DF A9-C,9,1,C,20130910,28.2,28.2,28.6,27.6,41.3,20150728,11.236,27.999,21.781,22.881,2.5,10,5,4571,DF,DF A10-1,10,3,A,20130910,25,24,24,24,32.1,20150724,11.274,27.937,22.096,23.320,2.5,10,5,4563,DF,DF A6-4,6,3,D,20130910,24.8,24.8,25.8,26.2,8.22,20150728,11.328,28.592,22.650,23.598,2.5,10,5,4558,DF,DF 5D-C,5,1,C,20130910,28.8,29.4,29.2,29.6,54,20150727,11.378,27.739,22.342,23.412,2.5,10,5,4556,DF,DF 4B-C,4,2,C,20130910,27.4,26.8,26.4,27.6,3.7,20150723,11.409,28.308,22.878,23.729,1.85,7.4,6.756756757,43.2432432482,DF,DF 14-D,14,2,D,20130910,29.4,28.4,30.2,30.8,2.97,20150723,11.437,29.096,23.408,24.104,1.485,5.94,8.417508418,41.5824915874,DF,DF A11-B,11,3,B,20130910,27.8,27.6,27.6,27.8,36.2,20150724,11.466,28.010,22.947,25.509,2.5,10,5,45194,HF,HF 11-3,11,3,,20130626,26.2,25.6,25.6,26.8,2.87,20150805,11.618,31.946,26.296,29.134,1.435,5.74,8.710801394,41.2891986148,DF,DF A1-B,1,3,B,20130910,27,28.4,27.6,29,35.4,20150724,11.777,29.241,24.385,27.095,2.5,10,5,45182,HF,HF 7-1,7,1,,20130626,25.2,25.4,25.2,25.2,16.9,20150806,11.892,30.161,24.971,28.215,2.5,10,5,4554,DF,DF A3-C,3,3,C,20130910,28.8,30.6,31.4,30.4,57,20150727,11.955,28.294,22.850,23.807,2.5,10,5,4516,DF,DF A6-C,6,1,C,20130702,24.2,24.6,24.4,24.4,36.30,20150804,11.973,32.019,28.501,31.047,2.5,10,5,4565,DF,DF A8-D,8,2,D,20130910,32.2,32.8,33.2,33.4,25.4,20150724,12.112,27.879,21.411,22.399,2.5,10,5,4576,DF,DF 12-B,12,2,B,20130910,30.2,31.6,29.8,30.4,40.2,20150729,12.181,29.408,23.682,25.289,2.5,10,5,45184,HF,HF 8-2,8,2,,20130626,25,24.8,25.2,26.4,5.71,20150806,12.347,31.809,26.576,27.830,2.5,10,5,4569,DF,DF A10-3,10,1,C,20130910,24.4,25.2,25.2,25,43.1,20150724,12.353,27.933,22.990,24.259,2.5,10,5,45188,HF,HF 9-3,9,3,,20130626,24.4,24.8,24.4,24.6,64,20150805,12.416,31.200,25.610,29.409,2.5,10,5,45191,HF,HF 10-3,10,3,,20130626,27.4,27,26.4,26.6,5.15,20150807,12.451,30.865,25.888,28.556,2.5,10,5,4522,DF,DF A8-A,8,1,B,20130702,24.4,24.2,24.2,24.2,16.30,20150804,12.635,31.401,28.282,30.804,2.5,10,5,4578,DF,DF 13-A,13,1,A,20130910,29.8,28.8,29,29.6,6.61,20150724,12.776,29.566,23.921,25.123,2.5,10,5,45176,HF,HF 5-1,5,1,,20130626,28.4,28.4,28.4,28.2,29.6,20150806,12.796,29.962,26.099,30.810,2.5,10,5,4546,DF,DF A1-D,1,1,D,20130910,31.8,33.6,32.2,32.2,33.1,20150724,13.027,28.788,22.821,24.191,2.5,10,5,4528,DF,DF A10-A,10,1,A,20130702,24.6,24.8,24.6,24.4,52,20150804,13.123,30.460,26.158,29.581,2.5,10,5,4525,DF,DF A9-C,9,1,C,20130702,23.8,23.8,23.8,24.4,33.50,20150731,13.286,29.650,26.138,28.338,2.5,10,5,45170,HF,HF 2-3,2,3,,20130626,26.2,26.2,26.4,26.4,4.56,20150810,13.352,31.977,27.476,30.042,2.28,9.12,5.48245614,44.5175438685,DF,DF 15B-C,15,2,C,20130910,30.6,30.1,31.2,30.4,41.6,20150727,13.412,29.185,23.702,25.730,2.5,10,5,4511,DF,DF A4-C,4,2,D,20130702,24,24.2,23.8,23.8,5.52,20150804,13.648,31.388,26.879,30.381,2.5,10,5,45189,HF,HF 10-1,10,1,,20130626,27.6,27.2,27.4,27.4,5.13,20150807,13.816,30.762,25.668,29.325,2.5,10,5,4521,DF,DF A7-C,7,3,C,20130702,24.4,24.6,24.6,24.6,19.50,20150730,13.924,31.323,27.615,29.400,2.5,10,5,4568,DF,DF A9-B,9,2,B,20130910,27.2,28.2,27.2,27.8,71,20150727,13.946,28.980,22.868,25.418,2.5,10,5,4527,DF,DF A9-A,9,3,B,20130702,24.6,24.6,24.2,24.6,34.10,20150731,14.085,29.974,26.309,28.682,2.5,10,5,4533,DF,DF A11-C,11,3,C,20130702,23.4,23.4,23.4,23.2,32.2,20150804,14.301,31.697,28.379,33.417,2.5,10,5,4549,DF,DF A2-A,2,1,B,20130910,24.8,25.8,25.2,25.2,43.2,20150729,14.492,29.715,24.591,27.064,2.5,10,5,4537,DF,DF A13-C,13,1,C,20130702,23.2,23.6,23.4,23.2,22.2,20150730,14.600,29.869,25.205,27.832,2.5,10,5,4579,DF,DF 13-B,13,2,B,20130910,28.2,28.8,28.6,29.6,46.2,20150727,14.746,29.261,23.873,25.583,2.5,10,5,4515,DF,DF A5-B,5,3,E,20130702,23.4,23.4,23.2,23.6,11.70,20150730,15.376,30.446,27.758,31.270,2.5,10,5,4540,DF,DF A14-A,14,1,A,20130702,24,24,23.8,23.8,37.2,20150804,15.516,32.211,29.451,33.517,2.5,10,5,45169,HF,HF 2-2,2,2,,20130626,25,25.8,24,25.2,6.21,20150810,15.519,30.931,27.213,29.932,2.5,10,5,45173,HF,HF 3-3,3,3,,20130626,25.4,25.4,25.2,25.6,89,20150805,15.764,31.563,25.954,35.812,2.5,10,5,45172,HF,HF 3-2,3,2,,20130626,25.4,24.2,24.8,24.6,20.3,20150810,15.801,31.699,27.343,34.272,2.5,10,5,45178,HF,HF 5-3,5,3,,20130626,29.4,29.2,28.8,27.6,8.74,20150810,16.137,32.098,27.972,31.331,2.5,10,5,4531,DF,DF A11-B,11,1,B,20130702,23.4,23.4,23.6,23.4,16.5,20150731,16.207,30.689,26.884,30.095,2.5,10,5,4544,DF,DF A15-A,15,2,A,20130702,23.4,23.8,23.4,24.6,49.3,20150731,16.590,31.726,28.557,30.618,2.5,10,5,45185,HF,HF 8-3,8,3,,20130626,25.8,26.4,26.2,26.4,4.92,20150805,16.858,30.843,27.138,32.908,2.46,9.84,5.081300813,44.9186991913,DF,DF A5-A,5,1,C,20130702,24.2,24,23.8,24,12.80,20150731,16.992,31.374,28.525,34.905,2.5,10,5,4539,DF,DF A13-A,13,3,A,20130702,23.2,23.2,23.4,23.4,26.7,20150804,17.254,31.413,28.529,31.693,2.5,10,5,45174,HF,HF 4-1,4,1,,20130626,25.4,27.2,25.2,26.4,23.5,20150807,17.584,34.036,30.279,37.729,2.5,10,5,459,DF,DF A3-C,3,3,C,20130702,22.8,22.8,22.8,22.4,45.20,20150804,17.836,33.125,27.241,31.830,2.5,10,5,45183,HF,HF 8-1,8,1,,20130626,24.4,24.8,25.4,25,10.9,20150810,17.975,32.205,28.013,33.325,2.5,10,5,4580,DF,DF 13-D,13,3,D,20130910,29.4,29.8,30,29.8,47,20150729,17.998,30.282,25.588,26.795,2.5,10,5,4547,DF,DF A1-C,1,2,C,20130910,28.6,30.6,29.4,30.4,2.57,20150729,18.237,31.597,25.107,27.271,1.285,5.14,9.727626459,40.27237354171,HF,HF 3-1,3,1,,20130626,24.8,25.2,25.4,25.8,68,20150805,18.287,30.888,28.200,35.992,2.5,10,5,4586,DF,DF 15-C,15,3,B,20130910,30.2,30.4,30.4,30.2,7.71,20150729,18.578,30.253,25.072,27.646,2.5,10,5,4536,DF,DF A12-C,12,3,C,20130702,24.2,24.2,25.2,24.8,20.8,20150730,18.724,33.294,26.974,31.609,2.5,10,5,45166,HF,HF 1-2,1,2,,20130626,25.4,25.8,25.6,25.8,31.6,20150805,19.239,33.584,28.486,34.810,2.5,10,5,45165,HF,HF 1-1,1,1,,20130626,27.4,26.8,26.2,26.8,86,20150807,19.318,35.204,29.973,32.683,2.5,10,5,4512,DF,DF A4-A,4,3,A,20130702,23.8,23.8,24.2,23.8,17.30,20150731,19.501,31.687,29.732,33.506,2.5,10,5,453,DF,DF A1-A,1,3,B,20130702,25.2,25.2,25.2,25,14.80,20150731,20.438,32.099,26.112,31.266,2.5,10,5,45187,HF,HF 9-2,9,2,,20130626,23.6,22.2,24.2,24.4,11,20150807,21.379,31.686,29.340,37.625,2.5,10,5,45